
--
-- Dumping data for table `ra_9165`
--

INSERT INTO `ra_9165` (`id`, `section`) VALUES
(1, 'SECTION 4. IMPORTATION OF DANGEROUS DRUGS AND/OR CONTROLLED PRECURSORS AND ESSENTIAL CHEMICALS'),
(2, 'SECTION 5. SALE, TRADING, ADMINISTRATION, DISPENSATION, DELIVERY, DISTRIBUTION AND TRANSPORTATION OF DANGEROUS DRUGS AND/OR CONTROLLED PRECURSORS AND ESSENTIAL CHEMICALS'),
(3, 'SECTION 6. MAINTENANCE OF A DEN, DIVE OR RESORT'),
(4, 'SECTION 7. EMPLOYEES AND VISITORS OF A DEN, DIVE OR RESORT'),
(5, 'SECTION 8. MANUFACTURE OF DANGEROUS DRUGS AND/OR CONTROLLED PRECURSORS AND ESSENTIAL CHEMICALS'),
(6, 'SECTION 9. ILLEGAL CHEMICAL DIVERSION OF CONTROLLED PRECURSORS AND ESSENTIAL CHEMICALS'),
(7, 'SECTION 10. MANUFACTURE OR DELIVERY OF EQUIPMENT, INSTRUMENT, APPARATUS, AND OTHER PARAPHERNALIA FOR DANGEROUS DRUGS AND/OR CONTROLLED PRECURSORS AND ESSENTIAL CHEMICALS'),
(8, 'SECTION 11. POSSESSION OF DANGEROUS DRUGS'),
(9, 'SECTION 12. POSSESSION OF EQUIPMENT, INSTRUMENT, APPARATUS AND OTHER PARAPHERNALIA FOR DANGEROUS DRUGS'),
(10, 'SECTION 13. POSSESSION OF DANGEROUS DRUGS DURING PARTIES, SOCIAL GATHERINGS OR MEETINGS'),
(11, 'SECTION 14. POSSESSION OF EQUIPMENT, INSTRUMENT, APPARATUS AND OTHER PARAPHERNALIA FOR DANGEROUS DRUGS DURING PARTIES, SOCIAL GATHERINGS OR MEETINGS'),
(12, 'SECTION 15. USE OF DANGEROUS DRUGS'),
(13, 'SECTION 16. CULTIVATION OR CULTURE OF PLANTS CLASSIFIED AS DANGEROUS DRUGS OR ARE SOURCES THEREOF'),
(14, 'SECTION 17. MAINTENANCE AND KEEPING OF ORIGINAL RECORDS OF TRANSACTIONS ON DANGEROUS DRUGS AND/OR CONTROLLED PRECURSORS AND ESSENTIAL CHEMICALS'),
(15, 'SECTION 18. UNNECESSARY PRESCRIPTION OF DANGEROUS DRUGS.'),
(16, 'SECTION 19. UNLAWFUL PRESCRIPTION OF DANGEROUS DRUGS'),
(17, 'SECTION 20. CONFISCATION AND FORFEITURE OF THE PROCEEDS OR INSTRUMENTS OF THE UNLAWFUL ACT, INCLUDING THE PROPERTIES OR PROCEEDS DERIVED FROM THE ILLEGAL TRAFFICKING OF DANGEROUS DRUGS AND/OR PRECURSORS AND ESSENTIAL CHEMICALS'),
(18, 'SECTION 21. CUSTODY AND DISPOSITION OF CONFISCATED, SEIZED, AND/OR SURRENDERED DANGEROUS DRUGS, PLANT SOURCES OF DANGEROUS DRUGS, CONTROLLED PRECURSORS AND ESSENTIAL CHEMICALS, INSTRUMENTS/PARAPHERNALIA AND/OR LABORATORY EQUIPMENT.'),
(19, 'SECTION 22. GRANT OF COMPENSATION, REWARD AND AWARD'),
(20, 'SECTION 23. PLEA-BARGAINING PROVISION'),
(21, 'SECTION 24. NON-APPLICABILITY OF THE PROBATION LAW FOR DRUG TRAFFICKERS AND PUSHERS'),
(22, 'SECTION 25. QUALIFYING AGGRAVATING CIRCUMSTANCES IN THE COMMISSION OF A CRIME BY AN OFFENDER UNDER THE INFLUENCE OF DANGEROUS DRUGS'),
(23, 'SECTION 26. ATTEMPT OR CONSPIRACY'),
(24, 'SECTION 27. CRIMINAL LIABILITY OF A PUBLIC OFFICER OR EMPLOYEE FOR MISAPPROPRIATION, MISAPPLICATION OR FAILURE TO ACCOUNT FOR THE CONFISCATED, SEIZED AND/OR SURRENDERED DANGEROUS DRUGS, PLANT SOURCES OF DANGEROUS DRUGS, CONTROLLED PRECURSORS AND ESSENTIAL CHEMICALS, INSTRUMENTS/PARAPHERNALIA AND/OR LABORATORY EQUIPMENT INCLUDING THE PROCEEDS OR PROPERTIES OBTAINED FROM THE UNLAWFUL ACT COMMITTED'),
(25, 'SECTION 28. CRIMINAL LIABILITY OF GOVERNMENT OFFICIALS AND EMPLOYEES');

-- --------------------------------------------------------

--
-- Table structure for table `ra_9208`
--

CREATE TABLE `ra_9208` (
  `id` int(11) NOT NULL,
  `section` varchar(100) NOT NULL
) ENGINE=InnoDB DEFAULT CHARSET=utf8mb4 COLLATE=utf8mb4_general_ci;

--
-- Dumping data for table `ra_9208`
--

INSERT INTO `ra_9208` (`id`, `section`) VALUES
(1, 'SECTION 4. ACTS OF TRAFFICKING IN PERSONS'),
(2, 'SECTION 5. ACTS THAT PROMOTE TRAFFICKING IN PERSONS'),
(3, 'SECTION 6. QUALIFIED TRAFFICKING IN PERSONS');

-- --------------------------------------------------------

--
-- Table structure for table `ra_10066`
--

CREATE TABLE `ra_10066` (
  `id` int(11) NOT NULL,
  `section` varchar(500) NOT NULL
) ENGINE=InnoDB DEFAULT CHARSET=utf8mb4 COLLATE=utf8mb4_general_ci;

--
-- Dumping data for table `ra_10066`
--

INSERT INTO `ra_10066` (`id`, `section`) VALUES
(1, 'SECTION 48. (PARAGRAPH A) DESTROYS, DEMOLISHES, MUTILATES OR DAMAGES ANY WORLD HERITAGE SITE, NATIONAL CULTURAL TREASURES, IMPORTANT CULTURAL PROPERTY AND ARCHAEOLOGICAL AND ANTHROPOLOGICAL SITES;'),
(2, 'SECTION 48. (PARAGRAPH B) MODIFIES, ALTERS, OR DESTROYS THE ORIGINAL FEATURES OF OR UNDERTAKES CONSTRUCTION OR REAL ESTATE DEVELOPMENT IN ANY NATIONAL SHRINE, MONUMENT, LANDMARK AND OTHER HISTORIC EDIFICES AND STRUCTURES, DECLARED, CLASSIFIED, AND MARKED BY THE NATIONAL HISTORICAL INSTITUTE AS SUCH, WITHOUT THE PRIOR WRITTEN PERMISSION FROM THE COMMISSION. THIS INCLUDES THE DESIGNATED SECURITY OR BUFFER ZONE, EXTENDING FIVE (5) METERS FROM THE VISIBLE PERIMETER OF THE MONUMENT OR SITE;'),
(3, 'SECTION 48. (PARAGRAPH C) EXPLORES, EXCAVATES OR UNDERTAKES DIGGINGS FOR THE PURPOSE OF OBTAINING MATERIALS OF CULTURAL HISTORICAL VALUE WITHOUT PRIOR WRITTEN AUTHORITY FROM THE NATIONAL MUSEUM. NO EXCAVATION OR DIGGINGS SHALL BE PERMITTED WITHOUT THE SUPERVISION OF A CERTIFIED ARCHAEOLOGIST;'),
(4, 'SECTION 48. (PARAGRAPH D) APPROPRIATES EXCAVATION FINDS CONTRARY TO THE PROVISIONS OF THE NEW CIVIL CODE AND OTHER PERTINENT LAWS;'),
(5, 'SECTION 48. (PARAGRAPH E) IMPORTS, SELLS, DISTRIBUTES, PROCURES, ACQUIRES, OR EXPORTS CULTURAL PROPERTY STOLEN, OR OTHERWISE LOST AGAINST THE WILL OF THE LAWFUL OWNER;'),
(6, 'SECTION 48. (PARAGRAPH F) ILLICITLY EXPORTS CULTURAL PROPERTY LISTED IN THE PHILIPPINE REGISTRY OF CULTURAL PROPERTY OR THOSE THAT MAY BE CATEGORIZED AS SUCH UPON VISITATION OR INCORRECTLY DECLARES THE SAME DURING TRANSIT; AND');

-- --------------------------------------------------------

--
-- Table structure for table `ra_10591`
--

CREATE TABLE `ra_10591` (
  `id` int(11) NOT NULL,
  `section` varchar(100) NOT NULL
) ENGINE=InnoDB DEFAULT CHARSET=utf8mb4 COLLATE=utf8mb4_general_ci;

--
-- Dumping data for table `ra_10591`
--

INSERT INTO `ra_10591` (`id`, `section`) VALUES
(1, 'SECTION 38. LIABILITY FOR PLANTING EVIDENCE'),
(2, 'SECTION 38. LIABILITY FOR PLANTING EVIDENCE'),
(3, 'SECTION 29. USE OF LOOSE FIREARM IN THE COMMISSION OF A CRIME'),
(4, 'SECTION 30. LIABILITY OF JURIDICAL PERSON'),
(5, 'SECTION 31. ABSENCE OF PERMIT TO CARRY OUTSIDE OF RESIDENCE'),
(6, 'SECTION 32. UNLAWFUL MANUFACTURE, IMPORTATION, SALE OR DISPOSITION OF FIREARMS OR AMMUNITION OR PART'),
(7, 'SECTION 33. ARMS SMUGGLING'),
(8, 'SECTION 34. TAMPERING, OBLITERATION OR ALTERATION OF FIREARMS IDENTIFICATION'),
(9, 'SECTION 35. USE OF AN IMITATION FIREARM'),
(10, 'SECTION 40. FAILURE TO NOTIFY LOST OR STOLEN FIREARM OR LIGHT WEAPON'),
(11, 'SECTION 41. ILLEGAL TRANSFER/REGISTRATION OF FIREARMS ');

-- --------------------------------------------------------

--
-- Table structure for table `ra_10654`
--

CREATE TABLE `ra_10654` (
  `id` int(11) NOT NULL,
  `section` varchar(500) NOT NULL
) ENGINE=InnoDB DEFAULT CHARSET=utf8mb4 COLLATE=utf8mb4_general_ci;

--
-- Dumping data for table `ra_10654`
--

INSERT INTO `ra_10654` (`id`, `section`) VALUES
(1, 'SECTION 86. UNAUTHORIZED FISHING'),
(2, 'SECTION 87. ENGAGING IN UNAUTHORIZED FISHERIES ACTIVITIES'),
(3, 'SECTION 88. FAILURE TO SECURE FISHING PERMIT PRIOR TO ENGAGING IN DISTANT WATER FISHING'),
(4, 'SECTION 89. UNREPORTED FISHING'),
(5, 'SECTION 90. UNREGULATED FISHING'),
(6, 'SECTION 91. POACHING IN PHILIPPINE WATERS'),
(7, 'SECTION 92. FISHING THROUGH EXPLOSIVES, NOXIOUS OR POISONOUS SUBSTANCE, OR ELECTRICITY'),
(8, 'SECTION 93. USE OF FINE MESH NET'),
(9, 'SECTION 94. FISHING IN OVEREXPLOITED FISHERY MANAGEMENT AREAS'),
(10, 'SECTION 95. USE OF ACTIVE GEAR IN MUNICIPAL WATERS, BAYS AND OTHER FISHERY MANAGEMENT AREAS'),
(11, 'SECTION 96. BAN ON CORAL EXPLOITATION AND EXPORTATION'),
(12, 'SECTION 97. BAN ON MURO-AMI, OTHER METHODS AND GEAR DESTRUCTIVE TO CORAL REEFS AND OTHER MARINE HABITAT'),
(13, 'SECTION 98. ILLEGAL USE OF SUPERLIGHTS OR FISHING LIGHT ATTRACTOR'),
(14, 'SECTION 99. CONVERSION OF MANGROVES'),
(15, 'SECTION 100. FISHING DURING CLOSED SEASON'),
(16, 'SECTION 101. FISHING IN MARINE PROTECTED AREAS, FISHERY RESERVES, REFUGE AND SANCTUARIES'),
(17, 'Section 102. Fishing or Taking of Rare, Threatened or Endangered Species'),
(18, 'Section 103. Capture of Sabalo and Other Breeders/'),
(19, 'SECTION 104. EXPORTATION OF BREEDERS, SPAWNERS, EGGS OR FRY'),
(20, 'SECTION 105. IMPORTATION OR EXPORTATION OF FISH OR FISHERY SPECIES'),
(21, 'SECTION 106. VIOLATION OF HARVEST CONTROL RULES'),
(22, 'SECTION 107. AQUATIC POLLUTION'),
(23, 'SECTION 108. FAILURE TO COMPLY WITH MINIMUM SAFETY STANDARDS'),
(24, 'SECTION 109. FAILURE TO SUBMIT A YEARLY REPORT ON ALL FISHPONDS, FISH PENS AND FISH CAGES'),
(25, 'SECTION 110. GATHERING AND MARKETING OF SHELL FISHES OR OTHER AQUATIC SPECIES'),
(26, 'SECTION 111. OBSTRUCTION TO NAVIGATION OR FLOW OR EBB OF TIDE IN ANY STREAM, RIVER, LAKE OR BAY'),
(27, 'SECTION 112. NONCOMPLIANCE WITH GOOD AQUACULTURE PRACTICES'),
(28, 'SECTION 113. COMMERCIAL FISHING VESSEL OPERATORS EMPLOYING UNLICENSED FISHERFOLK, FISHWORKER OR CREW'),
(29, 'SECTION 114. OBSTRUCTION OF DEFINED MIGRATION PATHS'),
(30, 'SECTION 115. OBSTRUCTION TO FISHERY LAW ENFORCEMENT OFFICER'),
(31, 'SECTION 116. NONCOMPLIANCE WITH FISHERIES OBSERVER COVERAGE'),
(32, 'SECTION 117. NONCOMPLIANCE WITH PORT STATE MEASURES'),
(33, 'SECTION 118. FAILURE TO COMPLY WITH RULES AND REGULATIONS ON CONSERVATION AND MANAGEMENT MEASURES'),
(34, 'SECTION 119. NONCOMPLIANCE WITH VESSEL MONITORING MEASURES.'),
(35, 'SECTION 120. CONSTRUCTING, IMPORTING OR CONVERTING FISHING VESSELS OR GEARS WITHOUT PERMIT FROM THE DEPARTMENT'),
(36, 'SECTION 121. USE OF UNLICENSED GEAR'),
(37, 'SECTION 122. FALSIFYING, CONCEALING OR TAMPERING WITH VESSEL MARKINGS, IDENTITY OR REGISTRATION'),
(38, 'SECTION 123. CONCEALING, TAMPERING OR DISPOSING OF EVIDENCE RELATING TO AN INVESTIGATION OF A VIOLATION'),
(39, 'SECTION 124. NONCOMPLIANCE WITH THE REQUIREMENTS FOR THE INTRODUCTION OF FOREIGN OR EXOTIC AQUATIC SPECIES'),
(40, 'SECTION 125. FAILURE TO COMPLY WITH STANDARDS AND TRADE-RELATED MEASURES'),
(41, 'SECTION 126. POSSESSING, DEALING IN OR DISPOSING ILLEGALLY CAUGHT OR TAKEN FISH.'),
(42, 'SECTION 127. UNAUTHORIZED DISCLOSURE OF SENSITIVE TECHNICAL INFORMATION.'),
(43, 'SECTION 128. OTHER VIOLATIONS');

-- --------------------------------------------------------

--
-- Table structure for table `ra_10845`
--

CREATE TABLE `ra_10845` (
  `id` int(11) NOT NULL,
  `section` varchar(500) NOT NULL
) ENGINE=InnoDB DEFAULT CHARSET=utf8mb4 COLLATE=utf8mb4_general_ci;

--
-- Dumping data for table `ra_10845`
--

INSERT INTO `ra_10845` (`id`, `section`) VALUES
(1, 'SECTION 3. (PARAGRAPH A) IMPORTING OR BRINGING INTO THE PHILIPPINES WITHOUT THE REQUIRED IMPORT PERMIT FROM THE REGULATORY AGENCIES;'),
(2, 'SECTION 3. (PARAGRAPH B) USING IMPORT PERMITS OF PERSONS, NATURAL OR JURIDICAL, OTHER THAN THOSE SPECIFICALLY NAMED IN THE PERMIT;'),
(3, 'SECTION 3. (PARAGRAPH C) USING FAKE, FICTITIOUS OR FRAUDULENT IMPORT PERMITS OR SHIPPING DOCUMENTS;'),
(4, 'SECTION 3. (PARAGRAPH D) SELLING, LENDING, LEASING, ASSIGNING, CONSENTING OR ALLOWING THE USE OF IMPORT PERMITS OF CORPORATIONS, NONGOVERNMENT ORGANIZATIONS, ASSOCIATIONS, COOPERATIVES, OR SINGLE PROPRIETORSHIPS BY OTHER PERSONS;'),
(5, 'SECTION 3. (PARAGRAPH E) MISCLASSIFICATION, UNDERVALUATION OR MISDECLARATION UPON THE FILING OF IMPORT ENTRY AND REVENUE DECLARATION WITH THE BOC IN ORDER TO EVADE THE PAYMENT OF RIGHTFUL TAXES AND DUTIES DUE TO THE GOVERNMENT;'),
(6, 'SECTION 3. (PARAGRAPH F) ORGANIZING OR USING DUMMY CORPORATIONS, NONGOVERNMENT ORGANIZATIONS, ASSOCIATIONS, COOPERATIVES, OR SINGLE PROPRIETORSHIPS FOR THE PURPOSE OF ACQUIRING IMPORT PERMITS;'),
(7, 'SECTION 3. (PARAGRAPH G)  TRANSPORTING OR STORING THE AGRICULTURAL PRODUCT SUBJECT TO ECONOMIC SABOTAGE REGARDLESS OF QUANTITY; OR');

-- --------------------------------------------------------

--
-- Table structure for table `recration_watercraft`
--

CREATE TABLE `recration_watercraft` (
  `id` int(11) NOT NULL,
  `recration_watercraft` varchar(100) NOT NULL
) ENGINE=InnoDB DEFAULT CHARSET=utf8mb4 COLLATE=utf8mb4_general_ci;

--
-- Dumping data for table `recration_watercraft`
--

INSERT INTO `recration_watercraft` (`id`, `recration_watercraft`) VALUES
(1, 'PERSONAL WATERCRAFT(PWC)'),
(2, 'BANANA BOAT'),
(3, 'DRAGON BOAT'),
(4, 'KAYAK BOAT'),
(5, 'MOTOR BOAT'),
(6, 'HELMS-POWERED'),
(7, 'PARASAIL');

-- --------------------------------------------------------

--
-- Table structure for table `recreational_violation`
--

CREATE TABLE `recreational_violation` (
  `id` int(11) NOT NULL,
  `recreational_violation` varchar(100) NOT NULL
) ENGINE=InnoDB DEFAULT CHARSET=utf8mb4 COLLATE=utf8mb4_general_ci;

--
-- Dumping data for table `recreational_violation`
--

INSERT INTO `recreational_violation` (`id`, `recreational_violation`) VALUES
(1, 'BOATING OUTSIDE THE DESIGNATED SAILING AREAS'),
(2, 'BOATING WITHOUT WEARING OF PERSONAL FLOATATION DEVICES OR LIFEJACKETS'),
(3, 'OPERATING WITH LACK OF SAFETY EQUIPMENT');

-- --------------------------------------------------------

--
-- Table structure for table `related_international_conventions_noted_deficiency`
--

CREATE TABLE `related_international_conventions_noted_deficiency` (
  `id` int(11) NOT NULL,
  `related_international_conventions_noted_deficiency` varchar(100) NOT NULL
) ENGINE=InnoDB DEFAULT CHARSET=utf8mb4 COLLATE=utf8mb4_general_ci;

--
-- Dumping data for table `related_international_conventions_noted_deficiency`
--

INSERT INTO `related_international_conventions_noted_deficiency` (`id`, `related_international_conventions_noted_deficiency`) VALUES
(1, 'SOLAS'),
(2, 'MARPOL'),
(3, 'STCW'),
(4, 'LOADLINE'),
(5, 'TONNAGE'),
(6, 'MLC'),
(7, 'BALLAST WATER MANAGEMENT CONVENTION'),
(8, 'ANTI FOULING SYSTEM'),
(9, 'COLREG'),
(10, 'ISM CODE'),
(11, 'ISPS CODE');

-- --------------------------------------------------------

--
-- Table structure for table `report_selection`
--

CREATE TABLE `report_selection` (
  `report_selection_id` int(11) NOT NULL,
  `report_selection` varchar(100) NOT NULL
) ENGINE=InnoDB DEFAULT CHARSET=latin1 COLLATE=latin1_swedish_ci;

--
-- Dumping data for table `report_selection`
--

INSERT INTO `report_selection` (`report_selection_id`, `report_selection`) VALUES
(1, 'COASTAL CLEAN-UP'),
(5, 'LAND BASE INSPECTION'),
(2, 'MANGROVE PLANTING'),
(7, 'MARITIME INCIDENT'),
(6, 'TRAININGS CONDUCTED'),
(3, 'TREE PLANTING'),
(4, 'VESSEL INSPECTION');

-- --------------------------------------------------------

--
-- Table structure for table `report_type`
--

CREATE TABLE `report_type` (
  `id` int(11) NOT NULL,
  `report_type` varchar(100) NOT NULL
) ENGINE=InnoDB DEFAULT CHARSET=utf8mb4 COLLATE=utf8mb4_general_ci;

--
-- Dumping data for table `report_type`
--

INSERT INTO `report_type` (`id`, `report_type`) VALUES
(1, 'PRE-DEPARTURE INSPECTION (PDI)'),
(2, 'VESSEL SAFETY ENFORCEMENT INSPECTION (VSEI)'),
(3, 'EMERGENCY READINESS EVALUATION (ERE)'),
(4, 'PORT STATE CONTROL (PSC)'),
(5, 'COASTAL AND BEACH RESORT SAFETY AND SECURITY INSPECTION'),
(6, 'RECREATIONAL SAFETY ENFORCEMENT INSPECTION (RSEI)'),
(7, 'AIDS TO NAVIGATION (ATON) INSPECTION'),
(8, 'MARITIME CASUALTY INVESTIGATION (MCI)'),
(9, 'SALVAGE OPERATION'),
(10, 'MARINE PARADES, REGATTAS AND MARITIME RELATED ACTIVITY');

-- --------------------------------------------------------

--
-- Table structure for table `responding_unit`
--

CREATE TABLE `responding_unit` (
  `id` int(11) NOT NULL,
  `responding_unit` varchar(100) NOT NULL
) ENGINE=InnoDB DEFAULT CHARSET=utf8mb4 COLLATE=utf8mb4_general_ci;

--
-- Dumping data for table `responding_unit`
--

INSERT INTO `responding_unit` (`id`, `responding_unit`) VALUES
(1, 'SPILLER'),
(2, 'MEP FORCE'),
(3, 'PCG UNITS');

-- --------------------------------------------------------

--
-- Table structure for table `salvage_operation_purpose`
--

CREATE TABLE `salvage_operation_purpose` (
  `id` int(11) NOT NULL,
  `salvage_operation_purpose` varchar(100) NOT NULL
) ENGINE=InnoDB DEFAULT CHARSET=utf8mb4 COLLATE=utf8mb4_general_ci;

--
-- Dumping data for table `salvage_operation_purpose`
--

INSERT INTO `salvage_operation_purpose` (`id`, `salvage_operation_purpose`) VALUES
(1, 'HAZARDS TO MARITIME NAVIGATION, ESPECIALY THOSE WHICH OBSTRUCT THE SEALANES'),
(2, 'HAMPER THE DEVELOPMENT OF PORTS AND HARBOR'),
(3, 'EMERGENCY CONDITIONS FOR THE SAFETY AND PROPERTY AT SEA'),
(4, 'FOR THE VALUE OF CARGO');

-- --------------------------------------------------------

--
-- Table structure for table `seaborne_patrol_activity_conduct`
--

CREATE TABLE `seaborne_patrol_activity_conduct` (
  `id` int(11) NOT NULL,
  `seaborne_patrol_activity_conduct` varchar(100) NOT NULL
) ENGINE=InnoDB DEFAULT CHARSET=utf8mb4 COLLATE=utf8mb4_general_ci;

--
-- Dumping data for table `seaborne_patrol_activity_conduct`
--

INSERT INTO `seaborne_patrol_activity_conduct` (`id`, `seaborne_patrol_activity_conduct`) VALUES
(1, 'INITIATED'),
(2, 'JOINT (LGU AND OTHER LAW ENFORCEMENT AGENCY)'),
(3, 'PARTICIPATED');

-- --------------------------------------------------------

--
-- Table structure for table `spiller`
--

CREATE TABLE `spiller` (
  `id` int(11) NOT NULL,
  `spiller` varchar(100) NOT NULL
) ENGINE=InnoDB DEFAULT CHARSET=utf8mb4 COLLATE=utf8mb4_general_ci;

--
-- Dumping data for table `spiller`
--

INSERT INTO `spiller` (`id`, `spiller`) VALUES
(1, 'VESSEL'),
(2, 'LANDBASED FACILITY');

-- --------------------------------------------------------

--
-- Table structure for table `station`
--

CREATE TABLE `station` (
  `station_id` int(11) NOT NULL,
  `station` varchar(100) NOT NULL,
  `station_contact` varchar(100) DEFAULT NULL,
  `station_email` varchar(100) DEFAULT NULL,
  `station_address` text DEFAULT NULL,
  `station_logo` text DEFAULT NULL
) ENGINE=InnoDB DEFAULT CHARSET=latin1 COLLATE=latin1_swedish_ci;

--
-- Dumping data for table `station`
--

INSERT INTO `station` (`station_id`, `station`, `station_contact`, `station_email`, `station_address`, `station_logo`) VALUES
(1, 'CGS CAMIGUIN', NULL, NULL, NULL, NULL),
(2, 'CGS LANAO DEL NORTE', NULL, NULL, NULL, NULL),
(3, 'CGS MISAMIS OCCIDENTAL', NULL, NULL, NULL, NULL),
(5, 'CGS WMISOR', '09187112668', 'ronil.cajan@gmail.com', 'PUROK 3\r\nLOOC PROPER', '35e90eac30d5fed0736ee9597a6551c3.png');

-- --------------------------------------------------------

--
-- Table structure for table `sub_station`
--

CREATE TABLE `sub_station` (
  `sub_station_id` int(11) NOT NULL,
  `sub_station` varchar(100) NOT NULL,
  `station_id` int(11) NOT NULL,
  `substation_contact` varchar(20) DEFAULT NULL,
  `substation_email` varchar(100) DEFAULT NULL,
  `substation_address` text DEFAULT NULL,
  `substation_logo` text DEFAULT NULL
) ENGINE=InnoDB DEFAULT CHARSET=latin1 COLLATE=latin1_swedish_ci;

--
-- Dumping data for table `sub_station`
--

INSERT INTO `sub_station` (`sub_station_id`, `sub_station`, `station_id`, `substation_contact`, `substation_email`, `substation_address`, `substation_logo`) VALUES
(1, 'CGSS MAHINOG', 1, NULL, NULL, NULL, NULL),
(2, 'CGSS MAMBAJAO', 1, NULL, NULL, NULL, NULL),
(3, 'CGSS KAUSWAGAN', 2, NULL, NULL, NULL, NULL),
(4, 'CGSS KOLAMBUGAN', 2, NULL, NULL, NULL, NULL),
(5, 'CGSS TUBOD', 2, NULL, NULL, NULL, NULL),
(6, 'CGSS JIMENEZ', 3, NULL, NULL, NULL, NULL),
(7, 'CGS OROQUIETA', 3, '09187112668', 'ronil.cajan@gmail.com', 'PUROK 3\r\nLOOC PROPER', '8b5d42a8e6da3b4ff82ca52d7a838c66.png'),
(8, 'CGSS OZAMIS', 3, NULL, NULL, NULL, NULL),
(9, 'CGSS PLARIDEL', 3, NULL, NULL, NULL, NULL),
(10, 'CGSS BALINGASAG', 4, NULL, NULL, NULL, NULL),
(11, 'CGSS BALINGOAN', 4, NULL, NULL, NULL, NULL),
(12, 'CGSS GINGOOG', 4, NULL, NULL, NULL, NULL),
(13, 'CGSS MEDINA', 4, NULL, NULL, NULL, NULL),
(14, 'CGSS TALISAYAN', 4, NULL, NULL, NULL, NULL),
(15, 'CGSS CAGAYAN DE ORO', 5, NULL, NULL, NULL, NULL),
(16, 'CGSS EL SALVADOR', 5, NULL, NULL, NULL, NULL),
(17, 'CGSS JASAAN', 5, NULL, NULL, NULL, NULL),
(18, 'CGSS LAGUINDINGAN', 5, NULL, NULL, NULL, NULL),
(19, 'CGSS LUGAIT', 5, NULL, NULL, NULL, NULL),
(20, 'CGSS NAAWAN', 5, NULL, NULL, NULL, NULL),
(21, 'CGSS OPOL', 5, NULL, NULL, NULL, NULL),
(22, 'CGSS TAGOLOAN', 5, NULL, NULL, NULL, NULL);

-- --------------------------------------------------------

--
-- Table structure for table `system`
--

CREATE TABLE `system` (
  `id` int(11) NOT NULL,
  `system_name` varchar(50) DEFAULT NULL,
  `system_name2` varchar(50) DEFAULT NULL,
  `system_logo` text DEFAULT NULL
) ENGINE=InnoDB DEFAULT CHARSET=utf8mb4 COLLATE=utf8mb4_general_ci;

--
-- Dumping data for table `system`
--

INSERT INTO `system` (`id`, `system_name`, `system_name2`, `system_logo`) VALUES
(1, 'eTanaw Monitoring System', 'PCG-DOTR', 'ee833dcecaba44b0fab57d5cae03cf6c.png');

-- --------------------------------------------------------

--
-- Table structure for table `tier_level`
--

CREATE TABLE `tier_level` (
  `id` int(11) NOT NULL,
  `tier_level` varchar(100) NOT NULL
) ENGINE=InnoDB DEFAULT CHARSET=utf8mb4 COLLATE=utf8mb4_general_ci;

--
-- Dumping data for table `tier_level`
--

INSERT INTO `tier_level` (`id`, `tier_level`) VALUES
(1, 'TIER 1'),
(2, 'TIER 2'),
(3, 'TIER 3');

-- --------------------------------------------------------

--
-- Table structure for table `time_assets_deployment`
--

CREATE TABLE `time_assets_deployment` (
  `id` int(11) NOT NULL,
  `time_assets_deployment` varchar(100) NOT NULL
) ENGINE=InnoDB DEFAULT CHARSET=utf8mb4 COLLATE=utf8mb4_general_ci;

--
-- Dumping data for table `time_assets_deployment`
--

INSERT INTO `time_assets_deployment` (`id`, `time_assets_deployment`) VALUES
(1, '15 MINUTES'),
(2, '30 MINUTES'),
(3, '1 HOUR'),
(4, '2 HOURS');

-- --------------------------------------------------------

--
-- Table structure for table `training_type`
--

CREATE TABLE `training_type` (
  `id` int(11) NOT NULL,
  `training_type` varchar(100) NOT NULL
) ENGINE=InnoDB DEFAULT CHARSET=utf8mb4 COLLATE=utf8mb4_general_ci;

--
-- Dumping data for table `training_type`
--

INSERT INTO `training_type` (`id`, `training_type`) VALUES
(1, 'OIL SPILL RESPONSE AWARENESS AND EMERGENCY TRAINING'),
(2, 'BASIC MAREP'),
(3, 'GUEST INSTRUCTOR');

-- --------------------------------------------------------

--
-- Table structure for table `urban_marsar`
--

CREATE TABLE `urban_marsar` (
  `id` int(11) NOT NULL,
  `station` int(11) DEFAULT NULL,
  `sub_station` int(11) DEFAULT NULL,
  `urban_rescue_type` varchar(100) DEFAULT NULL,
  `date_created` datetime DEFAULT NULL,
  `incident_details` varchar(100) DEFAULT NULL,
  `incident_barangay_name` varchar(100) DEFAULT NULL,
  `incident_map_location` varchar(100) DEFAULT NULL,
  `information_acquired_thru` varchar(100) DEFAULT NULL,
  `time_assets_deployment` varchar(100) DEFAULT NULL,
  `asset_mobility_deployed_type` varchar(100) DEFAULT NULL,
  `number_rescued_person` int(11) DEFAULT NULL,
  `number_injured_person` int(11) DEFAULT NULL,
  `number_casualties` int(11) DEFAULT NULL,
  `number_missing_person` int(11) DEFAULT NULL,
  `number_rescuers_deployed` int(11) DEFAULT NULL,
  `drowning_victim_name` varchar(100) DEFAULT NULL,
  `drowning_victim_gender` varchar(11) DEFAULT NULL,
  `first_responder` varchar(100) DEFAULT NULL,
  `drowning_victim_age` varchar(100) DEFAULT NULL,
  `drowning_victim_number` varchar(100) DEFAULT NULL,
  `response_barangay_name` varchar(100) DEFAULT NULL,
  `drowning_cause` varchar(100) DEFAULT NULL,
  `drowning_incident_location` varchar(100) DEFAULT NULL,
  `drowning_action_taken` varchar(100) DEFAULT NULL,
  `retrieval_victim_name` varchar(100) DEFAULT NULL,
  `retrieval_victim_gender` varchar(100) DEFAULT NULL,
  `body_built` int(100) DEFAULT NULL,
  `adistinct_feature` varchar(100) DEFAULT NULL,
  `cadaver_location` int(11) DEFAULT NULL,
  `cadaver_approximate_age` varchar(100) DEFAULT NULL,
  `exact_cadaver_location` varchar(100) DEFAULT NULL,
  `retrieval_barangay_name` varchar(100) DEFAULT NULL,
  `cadaver_discovered_number` varchar(100) DEFAULT NULL,
  `retrieval_operation_length` varchar(11) DEFAULT NULL,
  `time_person_reported_missing` varchar(100) DEFAULT NULL,
  `retrieval_last_location` varchar(100) DEFAULT NULL,
  `retrieval_action_taken` varchar(100) DEFAULT NULL,
  `storm_surge_victim_name` varchar(100) DEFAULT NULL,
  `weather_forecast` int(11) DEFAULT NULL,
  `storm_surge_injured_person_number` varchar(100) DEFAULT NULL,
  `storm_surge_casualty_number` varchar(100) DEFAULT NULL,
  `storm_surge_rescue_number` varchar(100) DEFAULT NULL,
  `storm_surge_action_taken` varchar(100) DEFAULT NULL,
  `earthquake_barangay_name` varchar(100) DEFAULT NULL,
  `earthquake_location` int(11) DEFAULT NULL,
  `earthquake_cause` int(11) DEFAULT NULL,
  `earthquake_magnitude_level` varchar(100) DEFAULT NULL,
  `earthquake_action_taken` varchar(100) DEFAULT NULL,
  `lanslide_casualty_number` varchar(100) DEFAULT NULL,
  `lanslide_affected_area` varchar(100) DEFAULT NULL,
  `landslide_rescued_adult_male_number` varchar(100) DEFAULT NULL,
  `landslide_rescued_children_number` varchar(100) DEFAULT NULL,
  `landslide_rescued_adult_female_number` varchar(100) DEFAULT NULL,
  `landslide_rescued_18y_below_female_number` varchar(100) DEFAULT NULL,
  `lanslide_location` varchar(100) DEFAULT NULL,
  `fire_incident_barangay_name` varchar(100) DEFAULT NULL,
  `fire_incident_location` varchar(100) DEFAULT NULL,
  `fire_incident_cause` varchar(100) DEFAULT NULL,
  `fire_incident_cost` varchar(100) DEFAULT NULL,
  `fire_incident_acton_taken` varchar(100) DEFAULT NULL,
  `pre_emptive_evacuation_activity` varchar(100) NOT NULL,
  `pre_emptive_evacuation_date` datetime NOT NULL,
  `evacuation_center_location` varchar(100) DEFAULT NULL,
  `pre_emptive_evacuation_coordination_with` varchar(100) DEFAULT NULL,
  `spot_report` varchar(100) DEFAULT NULL,
  `photographs` varchar(100) DEFAULT NULL
) ENGINE=InnoDB DEFAULT CHARSET=utf8mb4 COLLATE=utf8mb4_general_ci;

-- --------------------------------------------------------

--
-- Table structure for table `urban_rescue_type`
--

CREATE TABLE `urban_rescue_type` (
  `id` int(11) NOT NULL,
  `urban_rescue_type` varchar(100) NOT NULL
) ENGINE=InnoDB DEFAULT CHARSET=utf8mb4 COLLATE=utf8mb4_general_ci;

--
-- Dumping data for table `urban_rescue_type`
--

INSERT INTO `urban_rescue_type` (`id`, `urban_rescue_type`) VALUES
(1, 'FLASHFLOODS'),
(2, 'RETRIEVAL OF CADAVER'),
(3, 'STORM SURGE'),
(4, 'EARTHQUAKE'),
(5, 'LANDSLIDE'),
(6, 'FIRE'),
(7, 'PRE-EMPTIVE EVACUATION');

-- --------------------------------------------------------

--
-- Table structure for table `user`
--

CREATE TABLE `user` (
  `user_id` int(11) NOT NULL,
  `username` varchar(100) NOT NULL,
  `password` varchar(100) NOT NULL,
  `email` varchar(100) NOT NULL,
  `date_registered` datetime NOT NULL DEFAULT current_timestamp(),
  `first_name` varchar(100) NOT NULL,
  `last_name` varchar(100) NOT NULL,
  `profile_picture` text NOT NULL,
  `role` int(11) NOT NULL,
  `station` int(11) DEFAULT NULL,
  `sub_station` int(11) DEFAULT NULL
) ENGINE=InnoDB DEFAULT CHARSET=latin1 COLLATE=latin1_swedish_ci;

--
-- Dumping data for table `user`
--

INSERT INTO `user` (`user_id`, `username`, `password`, `email`, `date_registered`, `first_name`, `last_name`, `profile_picture`, `role`, `station`, `sub_station`) VALUES
(1, 'admin', '21232f297a57a5a743894a0e4a801fc3', 'asdfasdf@gma.com', '2022-10-26 07:50:40', 'John', 'Doe', '', 1, NULL, NULL),
(24, 'ronil.c32231ajan@gmail.com', 'd41d8cd98f00b204e9800998ecf8427e', 'ronil.cajan321@gmail.com', '2023-02-02 21:08:34', 'RONIL', 'CAJAN', '', 4, 2, 5),
(25, 'roncajan', 'f3a1fdd22113e31ec7403c115e4b8303', 'roni23l.cajan@gmail.com', '2023-02-27 18:29:58', 'RONIL', 'CAJAN', '', 2, 5, NULL),
(26, 'manage', '70682896e24287b0476eff2a14c148f0', 'ronil.caja423n@gmail.com', '2023-02-27 18:30:22', 'RONIL', 'CAJAN', '', 3, 3, 7),
(27, 'staff', '1253208465b1efa876f982d8a9e73eef', 'ronil.c432342ajan@gmail.com', '2023-02-27 18:31:09', 'RONIL', 'CAJAN', '', 4, 5, 20),
(29, 'ronil', 'd587f39fa514a8b9b227a6bdba0aa86c', 'ronil.caj432an@gmail.com', '2023-02-27 20:34:34', 'RONIL', 'CAJAN', '79aa7be9e88f11dd9ec90bfbed769898.jpg', 2, 5, NULL),
(30, 'ronil.c321ajan@gmail.com', '003e9e7d4c60c284c683eae402170fcc', 'ronil.cajan@gmail.com', '2023-02-28 21:51:23', 'RONIL', 'CAJAN', 'b3df2bf994e5e731ee52301b675e2c03.png', 3, 3, 7);

-- --------------------------------------------------------

--
-- Table structure for table `user_role`
--

CREATE TABLE `user_role` (
  `user_role_id` int(11) NOT NULL,
  `value` varchar(100) DEFAULT NULL,
  `text` varchar(100) DEFAULT NULL
) ENGINE=InnoDB DEFAULT CHARSET=latin1 COLLATE=latin1_swedish_ci;

--
-- Dumping data for table `user_role`
--

INSERT INTO `user_role` (`user_role_id`, `value`, `text`) VALUES
(1, 'super-admin', 'SUPER ADMIN'),
(2, 'admin', 'ADMIN'),
(3, 'manager', 'MANAGER'),
(4, 'staff', 'STAFF');

-- --------------------------------------------------------

--
-- Table structure for table `very_serious_mc_category`
--

CREATE TABLE `very_serious_mc_category` (
  `id` int(11) NOT NULL,
  `very_serious_mc_category` varchar(100) NOT NULL
) ENGINE=InnoDB DEFAULT CHARSET=utf8mb4 COLLATE=utf8mb4_general_ci;

--
-- Dumping data for table `very_serious_mc_category`
--

INSERT INTO `very_serious_mc_category` (`id`, `very_serious_mc_category`) VALUES
(1, 'CATEGORY 1 - INVOLVING CONVENTIONAL VESSEL OF 300 GT ABOVE WITH MULTIPLE DEATHS'),
(2, 'CATEGORY 2 - INVOLVING NON-CONVENTIONAL VESSEL OF LESS THAN 300 GT WITH 1 OR MORE DEATHS'),
(3, 'CATEGORY 3 - INVOLVING CONVENTIONAL VESSEL OF 300 GT WITH 1 DEATH');

-- --------------------------------------------------------

--
-- Table structure for table `vessel_age`
--

CREATE TABLE `vessel_age` (
  `id` int(11) NOT NULL,
  `vessel_age` varchar(100) NOT NULL
) ENGINE=InnoDB DEFAULT CHARSET=utf8mb4 COLLATE=utf8mb4_general_ci;

--
-- Dumping data for table `vessel_age`
--

INSERT INTO `vessel_age` (`id`, `vessel_age`) VALUES
(1, 'LESS THAN 500GT'),
(2, '500 GT TO 1000 GT'),
(3, '1000 GT TO 2000 GT');

-- --------------------------------------------------------

--
-- Table structure for table `vessel_size`
--

CREATE TABLE `vessel_size` (
  `id` int(11) NOT NULL,
  `vessel_size` varchar(100) NOT NULL
) ENGINE=InnoDB DEFAULT CHARSET=utf8mb4 COLLATE=utf8mb4_general_ci;

--
-- Dumping data for table `vessel_size`
--

INSERT INTO `vessel_size` (`id`, `vessel_size`) VALUES
(1, 'LESS THAN 500GT'),
(2, '500 GT TO 1000 GT'),
(3, '1000 GT TO 2000 GT');

-- --------------------------------------------------------

--
-- Table structure for table `vessel_type`
--

CREATE TABLE `vessel_type` (
  `id` int(11) NOT NULL,
  `vessel_type` varchar(100) NOT NULL
) ENGINE=InnoDB DEFAULT CHARSET=utf8mb4 COLLATE=utf8mb4_general_ci;

--
-- Dumping data for table `vessel_type`
--

INSERT INTO `vessel_type` (`id`, `vessel_type`) VALUES
(1, 'PASSENGER VESSEL'),
(2, 'PASSENGER-CARGO VESSEL'),
(3, 'CARGO VESSEL'),
(4, 'TANKER'),
(5, 'LANDING CRAFT TANK (LCT) VESSEL'),
(6, 'TUGBOAT/BARGE'),
(7, 'TANKER (LPG)');

-- --------------------------------------------------------

--
-- Table structure for table `vessel_type_involved`
--

CREATE TABLE `vessel_type_involved` (
  `id` int(11) NOT NULL,
  `vessel_type_involved` varchar(100) NOT NULL
) ENGINE=InnoDB DEFAULT CHARSET=utf8mb4 COLLATE=utf8mb4_general_ci;

--
-- Dumping data for table `vessel_type_involved`
--

INSERT INTO `vessel_type_involved` (`id`, `vessel_type_involved`) VALUES
(1, 'PASSENGER/ CARGO VESSEL'),
(2, 'GENERAL CARGO VESSEL'),
(3, 'RORO VESSEL'),
(4, 'FISHING VESSEL'),
(5, 'WOODEN HULLED VESSEL 15 GT ABOVE'),
(6, 'WOODEN HULLED VESSEL 3GT BELOW'),
(7, 'SAILING VESSEL'),
(8, 'PLEASURE CRAFTS'),
(9, 'TANKER VESSELS'),
(10, 'LNG CARRIERS'),
(11, 'GOVERNMENT VESSEL'),
(12, 'WARSHIP');

-- --------------------------------------------------------

--
-- Table structure for table `victim_age`
--

CREATE TABLE `victim_age` (
  `id` int(11) NOT NULL,
  `victim_age` varchar(100) NOT NULL
) ENGINE=InnoDB DEFAULT CHARSET=utf8mb4 COLLATE=utf8mb4_general_ci;

--
-- Dumping data for table `victim_age`
--

INSERT INTO `victim_age` (`id`, `victim_age`) VALUES
(1, 'INFANT (0-1 YEAR)'),
(2, 'TODDLER (2-4 YEARS)'),
(3, 'CHILD (5-12 YEARS)'),
(4, 'TEEN (13-19 YEARS)'),
(5, 'ADULT (20-39 YEARS)'),
(6, 'MIDDLE AGE ADULT (40-59)'),
(7, 'SENIOR (MORE THAN 60)');

-- --------------------------------------------------------

--
-- Table structure for table `victim_number`
--

CREATE TABLE `victim_number` (
  `id` int(11) NOT NULL,
  `victim_number` varchar(100) NOT NULL
) ENGINE=InnoDB DEFAULT CHARSET=utf8mb4 COLLATE=utf8mb4_general_ci;

-- --------------------------------------------------------

--
-- Table structure for table `vsei_deficiency_code`
--

CREATE TABLE `vsei_deficiency_code` (
  `id` int(11) NOT NULL,
  `vsei_deficiency_code` varchar(100) NOT NULL
) ENGINE=InnoDB DEFAULT CHARSET=utf8mb4 COLLATE=utf8mb4_general_ci;

--
-- Dumping data for table `vsei_deficiency_code`
--

INSERT INTO `vsei_deficiency_code` (`id`, `vsei_deficiency_code`) VALUES
(1, 'VS8100 ABSENCE OF SHIPS CERTIFICATE AND DOCUMENT'),
(2, 'VS8200 ABSENCE OF CERTIFICATE AND WATCH KEEPING FOR SEAFARER'),
(3, 'VS8300 WHEELHOUSE/ DOCUMENTATION INSTRUMENTAL EQUIPMENT'),
(4, 'VS8400 CREW AND ACCOMODATION'),
(5, 'VS8500 FIRE FIGHTING APPLIANCES/FIRE SAFETY MEASURES'),
(6, 'VS8600 BOAT DECK/OPEN DECK/ACCOMODATION LIFE-SAVING APPLIANCES'),
(7, 'VS8700 NAVIGATIONAL SAFETY'),
(8, 'VS8800 WORKING SPACES'),
(9, 'VS81000 ALARM SIGNAL'),
(10, 'VS81100 CARRIAGE OF CARGO AND DANGEROUS GOODS'),
(11, 'VS81300 RADIO COMMUNICATION'),
(12, 'VS81400 CONSTRUCTIONS SAFETY'),
(13, 'VS81500 EGIE ROOM/FIREFIGHTIG APPLIANCES'),
(14, 'VS81600 OIL CHEMICAL TANNKERS AND GA CARRIER'),
(15, 'VS81700 MARPOL'),
(16, 'VS81800 SOLAS RELATE OPERATIONAL DEFICIENCY'),
(17, 'VS81900 EGINE ROOM SHYLIGTH AD ADJACENT STRUCTURE'),
(18, 'VS82000 H.O REQUIREMENTS'),
(19, 'VS82100 FOODS AND CATERS'),
(20, 'VS82200 MOORING ARRANGEMENTS'),
(21, 'VS82300 PROPOLSION AN AUXILIARY MACHINERY'),
(22, 'VS82400 ISM RELATED DEFICENCIES'),
(23, 'VS82500 BULK CARRIER- ADDITIONAL SAFETY MEASURES'),
(24, 'VS82600 ADDITIONAL MEASURES TO ENHANCE MARITIME SECURITY');

-- --------------------------------------------------------

--
-- Table structure for table `vsei_result`
--

CREATE TABLE `vsei_result` (
  `id` int(11) NOT NULL,
  `vsei_result` varchar(100) NOT NULL
) ENGINE=InnoDB DEFAULT CHARSET=utf8mb4 COLLATE=utf8mb4_general_ci;

--
-- Dumping data for table `vsei_result`
--

INSERT INTO `vsei_result` (`id`, `vsei_result`) VALUES
(1, 'UNDETAINED'),
(2, 'DETAINED');

-- --------------------------------------------------------

--
-- Table structure for table `weather_forecast`
--

CREATE TABLE `weather_forecast` (
  `id` int(11) NOT NULL,
  `weather_forecast` varchar(100) NOT NULL
) ENGINE=InnoDB DEFAULT CHARSET=utf8mb4 COLLATE=utf8mb4_general_ci;

--
-- Dumping data for table `weather_forecast`
--

INSERT INTO `weather_forecast` (`id`, `weather_forecast`) VALUES
(1, 'LPA'),
(2, 'PSWS NR 1'),
(3, 'PSWS NR 2'),
(4, 'PSWS NR 3'),
(5, 'PSWS NR 4');

--
-- Indexes for dumped tables
--

--
-- Indexes for table `action_code`
--
ALTER TABLE `action_code`
  ADD PRIMARY KEY (`id`);

--
-- Indexes for table `activity_conduct`
--
ALTER TABLE `activity_conduct`
  ADD PRIMARY KEY (`id`);

--
-- Indexes for table `affected_area`
--
ALTER TABLE `affected_area`
  ADD PRIMARY KEY (`id`);

--
-- Indexes for table `affected_biodiversity`
--
ALTER TABLE `affected_biodiversity`
  ADD PRIMARY KEY (`id`);

--
-- Indexes for table `application_type`
--
ALTER TABLE `application_type`
  ADD PRIMARY KEY (`id`);

--
-- Indexes for table `asset_deployment`
--
ALTER TABLE `asset_deployment`
  ADD PRIMARY KEY (`id`);

--
-- Indexes for table `asset_mobility_deployed_type`
--
ALTER TABLE `asset_mobility_deployed_type`
  ADD PRIMARY KEY (`id`);

--
-- Indexes for table `district`
--
ALTER TABLE `district`
  ADD PRIMARY KEY (`id`);

--
-- Indexes for table `marep`
--
ALTER TABLE `marep`
  ADD PRIMARY KEY (`id`);

--
-- Indexes for table `marsaf`
--
ALTER TABLE `marsaf`
  ADD PRIMARY KEY (`id`);

--
-- Indexes for table `marsaf_aton`
--
ALTER TABLE `marsaf_aton`
  ADD PRIMARY KEY (`id`);

--
-- Indexes for table `marsaf_cabrsasi`
--
ALTER TABLE `marsaf_cabrsasi`
  ADD PRIMARY KEY (`id`);

--
-- Indexes for table `marsaf_cabrsasi_data`
--
ALTER TABLE `marsaf_cabrsasi_data`
  ADD PRIMARY KEY (`id`);

--
-- Indexes for table `marsaf_ere`
--
ALTER TABLE `marsaf_ere`
  ADD PRIMARY KEY (`id`);

--
-- Indexes for table `marsaf_ere_data`
--
ALTER TABLE `marsaf_ere_data`
  ADD PRIMARY KEY (`id`);

--
-- Indexes for table `marsaf_mci`
--
ALTER TABLE `marsaf_mci`
  ADD PRIMARY KEY (`id`);

--
-- Indexes for table `marsaf_mpramra`
--
ALTER TABLE `marsaf_mpramra`
  ADD PRIMARY KEY (`id`);

--
-- Indexes for table `marsaf_pdi`
--
ALTER TABLE `marsaf_pdi`
  ADD PRIMARY KEY (`id`);

--
-- Indexes for table `marsaf_pdi_data`
--
ALTER TABLE `marsaf_pdi_data`
  ADD PRIMARY KEY (`id`);

--
-- Indexes for table `marsaf_psc`
--
ALTER TABLE `marsaf_psc`
  ADD PRIMARY KEY (`id`);

--
-- Indexes for table `marsaf_psc_data`
--
ALTER TABLE `marsaf_psc_data`
  ADD PRIMARY KEY (`id`);

--
-- Indexes for table `marsaf_rsei`
--
ALTER TABLE `marsaf_rsei`
  ADD PRIMARY KEY (`id`);

--
-- Indexes for table `marsaf_rsei_data`
--
ALTER TABLE `marsaf_rsei_data`
  ADD PRIMARY KEY (`id`);

--
-- Indexes for table `marsaf_so`
--
ALTER TABLE `marsaf_so`
  ADD PRIMARY KEY (`id`);

--
-- Indexes for table `marsaf_vessel_type`
--
ALTER TABLE `marsaf_vessel_type`
  ADD PRIMARY KEY (`id`);

--
-- Indexes for table `marsaf_vsei`
--
ALTER TABLE `marsaf_vsei`
  ADD PRIMARY KEY (`id`);

--
-- Indexes for table `marsaf_vsei_data`
--
ALTER TABLE `marsaf_vsei_data`
  ADD PRIMARY KEY (`id`);

--
-- Indexes for table `marsar`
--
ALTER TABLE `marsar`
  ADD PRIMARY KEY (`id`);

--
-- Indexes for table `marslec`
--
ALTER TABLE `marslec`
  ADD PRIMARY KEY (`id`);

--
-- Indexes for table `sub_station`
--
ALTER TABLE `sub_station`
  ADD PRIMARY KEY (`sub_station_id`);

--
-- Indexes for table `system`
--
ALTER TABLE `system`
  ADD PRIMARY KEY (`id`);

--
-- Indexes for table `urban_marsar`
--
ALTER TABLE `urban_marsar`
  ADD PRIMARY KEY (`id`);

--
-- Indexes for table `urban_rescue_type`
--
ALTER TABLE `urban_rescue_type`
  ADD PRIMARY KEY (`id`);

--
-- Indexes for table `user`
--
ALTER TABLE `user`
  ADD PRIMARY KEY (`user_id`);

--
-- Indexes for table `user_role`
--
ALTER TABLE `user_role`
  ADD PRIMARY KEY (`user_role_id`);

--
-- AUTO_INCREMENT for dumped tables
--

--
-- AUTO_INCREMENT for table `district`
--
ALTER TABLE `district`
  MODIFY `id` int(11) NOT NULL AUTO_INCREMENT, AUTO_INCREMENT=2;

--
-- AUTO_INCREMENT for table `marep`
--
ALTER TABLE `marep`
  MODIFY `id` int(11) NOT NULL AUTO_INCREMENT, AUTO_INCREMENT=16;

--
-- AUTO_INCREMENT for table `marsaf`
--
ALTER TABLE `marsaf`
  MODIFY `id` int(11) NOT NULL AUTO_INCREMENT;

--
-- AUTO_INCREMENT for table `marsaf_aton`
--
ALTER TABLE `marsaf_aton`
  MODIFY `id` int(11) NOT NULL AUTO_INCREMENT, AUTO_INCREMENT=2;

--
-- AUTO_INCREMENT for table `marsaf_cabrsasi`
--
ALTER TABLE `marsaf_cabrsasi`
  MODIFY `id` int(11) NOT NULL AUTO_INCREMENT;

--
-- AUTO_INCREMENT for table `marsaf_cabrsasi_data`
--
ALTER TABLE `marsaf_cabrsasi_data`
  MODIFY `id` int(11) NOT NULL AUTO_INCREMENT;

--
-- AUTO_INCREMENT for table `marsaf_ere`
--
ALTER TABLE `marsaf_ere`
  MODIFY `id` int(11) NOT NULL AUTO_INCREMENT;

--
-- AUTO_INCREMENT for table `marsaf_ere_data`
--
ALTER TABLE `marsaf_ere_data`
  MODIFY `id` int(11) NOT NULL AUTO_INCREMENT;

--
-- AUTO_INCREMENT for table `marsaf_mci`
--
ALTER TABLE `marsaf_mci`
  MODIFY `id` int(11) NOT NULL AUTO_INCREMENT, AUTO_INCREMENT=4;

--
-- AUTO_INCREMENT for table `marsaf_mpramra`
--
ALTER TABLE `marsaf_mpramra`
  MODIFY `id` int(11) NOT NULL AUTO_INCREMENT, AUTO_INCREMENT=2;

--
-- AUTO_INCREMENT for table `marsaf_pdi`
--
ALTER TABLE `marsaf_pdi`
  MODIFY `id` int(11) NOT NULL AUTO_INCREMENT;

--
-- AUTO_INCREMENT for table `marsaf_pdi_data`
--
ALTER TABLE `marsaf_pdi_data`
  MODIFY `id` int(11) NOT NULL AUTO_INCREMENT;

--
-- AUTO_INCREMENT for table `marsaf_psc`
--
ALTER TABLE `marsaf_psc`
  MODIFY `id` int(11) NOT NULL AUTO_INCREMENT;

--
-- AUTO_INCREMENT for table `marsaf_psc_data`
--
ALTER TABLE `marsaf_psc_data`
  MODIFY `id` int(11) NOT NULL AUTO_INCREMENT;

--
-- AUTO_INCREMENT for table `marsaf_rsei`
--
ALTER TABLE `marsaf_rsei`
  MODIFY `id` int(11) NOT NULL AUTO_INCREMENT;

--
-- AUTO_INCREMENT for table `marsaf_rsei_data`
--
ALTER TABLE `marsaf_rsei_data`
  MODIFY `id` int(11) NOT NULL AUTO_INCREMENT;

--
-- AUTO_INCREMENT for table `marsaf_so`
--
ALTER TABLE `marsaf_so`
  MODIFY `id` int(11) NOT NULL AUTO_INCREMENT, AUTO_INCREMENT=8;

--
-- AUTO_INCREMENT for table `marsaf_vsei`
--
ALTER TABLE `marsaf_vsei`
  MODIFY `id` int(11) NOT NULL AUTO_INCREMENT;

--
-- AUTO_INCREMENT for table `marsaf_vsei_data`
--
ALTER TABLE `marsaf_vsei_data`
  MODIFY `id` int(11) NOT NULL AUTO_INCREMENT;

--
-- AUTO_INCREMENT for table `marsar`
--
ALTER TABLE `marsar`
  MODIFY `id` int(11) NOT NULL AUTO_INCREMENT, AUTO_INCREMENT=7;

--
-- AUTO_INCREMENT for table `marslec`
--
ALTER TABLE `marslec`
  MODIFY `id` int(11) NOT NULL AUTO_INCREMENT, AUTO_INCREMENT=2;

--
-- AUTO_INCREMENT for table `sub_station`
--
ALTER TABLE `sub_station`
  MODIFY `sub_station_id` int(11) NOT NULL AUTO_INCREMENT, AUTO_INCREMENT=23;

--
-- AUTO_INCREMENT for table `system`
--
ALTER TABLE `system`
  MODIFY `id` int(11) NOT NULL AUTO_INCREMENT, AUTO_INCREMENT=2;

--
-- AUTO_INCREMENT for table `urban_marsar`
--
ALTER TABLE `urban_marsar`
  MODIFY `id` int(11) NOT NULL AUTO_INCREMENT;

--
-- AUTO_INCREMENT for table `urban_rescue_type`
--
ALTER TABLE `urban_rescue_type`
  MODIFY `id` int(11) NOT NULL AUTO_INCREMENT, AUTO_INCREMENT=8;

--
-- AUTO_INCREMENT for table `user`
--
ALTER TABLE `user`
  MODIFY `user_id` int(11) NOT NULL AUTO_INCREMENT, AUTO_INCREMENT=31;

--
-- AUTO_INCREMENT for table `user_role`
--
ALTER TABLE `user_role`
  MODIFY `user_role_id` int(11) NOT NULL AUTO_INCREMENT, AUTO_INCREMENT=5;
COMMIT;

/*!40101 SET CHARACTER_SET_CLIENT=@OLD_CHARACTER_SET_CLIENT */;
/*!40101 SET CHARACTER_SET_RESULTS=@OLD_CHARACTER_SET_RESULTS */;
/*!40101 SET COLLATION_CONNECTION=@OLD_COLLATION_CONNECTION */;
